"","otu","Size","kingdom","phylum","class","order","family","genus","species","Parent.isolate","Isolate","Treat","Rep","Media"
"1","Otu01",47,"Fungi","Ascomycota","Sordariomycetes","Hypocreales","Nectriaceae","Neocosmospora","Neocosmospora_sp","76","Rh76","P",6,"PDA"
"2","Otu01",47,"Fungi","Ascomycota","Sordariomycetes","Hypocreales","Nectriaceae","Neocosmospora","Neocosmospora_sp","77","Rh77","P",6,"PDA"
"3","Otu01",47,"Fungi","Ascomycota","Sordariomycetes","Hypocreales","Nectriaceae","Neocosmospora","Neocosmospora_sp","79","Rh79","P",6,"PDA"
"4","Otu01",47,"Fungi","Ascomycota","Sordariomycetes","Hypocreales","Nectriaceae","Neocosmospora","Neocosmospora_sp","80","Rh80","P",6,"PVARP"
"5","Otu01",47,"Fungi","Ascomycota","Sordariomycetes","Hypocreales","Nectriaceae","Neocosmospora","Neocosmospora_sp","81","Rh81","P",6,"PDAm"
"6","Otu01",47,"Fungi","Ascomycota","Sordariomycetes","Hypocreales","Nectriaceae","Neocosmospora","Neocosmospora_sp","82","Rh82","P",6,"PDAm"
"7","Otu01",47,"Fungi","Ascomycota","Sordariomycetes","Hypocreales","Nectriaceae","Neocosmospora","Neocosmospora_sp","84","Rh84_2","P",6,"PDAm"
"8","Otu01",47,"Fungi","Ascomycota","Sordariomycetes","Hypocreales","Nectriaceae","Neocosmospora","Neocosmospora_sp","88","Rh88","P",6,"PDAm"
"9","Otu01",47,"Fungi","Ascomycota","Sordariomycetes","Hypocreales","Nectriaceae","Neocosmospora","Neocosmospora_sp","89","Rh89","P",6,"PDAm"
"10","Otu01",47,"Fungi","Ascomycota","Sordariomycetes","Hypocreales","Nectriaceae","Neocosmospora","Neocosmospora_sp","91","Rh91","P",6,"GYBRA"
"11","Otu01",47,"Fungi","Ascomycota","Sordariomycetes","Hypocreales","Nectriaceae","Neocosmospora","Neocosmospora_sp","92","Rh92","P",6,"GYBRA"
"12","Otu01",47,"Fungi","Ascomycota","Sordariomycetes","Hypocreales","Nectriaceae","Neocosmospora","Neocosmospora_sp","103","Rh103","S",3,"GYRBA"
"13","Otu01",47,"Fungi","Ascomycota","Sordariomycetes","Hypocreales","Nectriaceae","Neocosmospora","Neocosmospora_sp","108","Rh108","S",1,"PVARP"
"14","Otu01",47,"Fungi","Ascomycota","Sordariomycetes","Hypocreales","Nectriaceae","Neocosmospora","Neocosmospora_sp","109","Rh109","P",7,"PDAm"
"15","Otu01",47,"Fungi","Ascomycota","Sordariomycetes","Hypocreales","Nectriaceae","Neocosmospora","Neocosmospora_sp","117","Rh117","F",14,"GYRBA"
"16","Otu01",47,"Fungi","Ascomycota","Sordariomycetes","Hypocreales","Nectriaceae","Neocosmospora","Neocosmospora_sp","119","Rh119","F",18,"MGA"
"17","Otu01",47,"Fungi","Ascomycota","Sordariomycetes","Hypocreales","Nectriaceae","Neocosmospora","Neocosmospora_sp","120","Rh120","F",18,"PDAm"
"18","Otu01",47,"Fungi","Ascomycota","Sordariomycetes","Hypocreales","Nectriaceae","Neocosmospora","Neocosmospora_sp","121","Rh121","F",18,"GYRBA"
"19","Otu01",47,"Fungi","Ascomycota","Sordariomycetes","Hypocreales","Nectriaceae","Neocosmospora","Neocosmospora_sp","122","Rh122","F",18,"PDA"
"20","Otu01",47,"Fungi","Ascomycota","Sordariomycetes","Hypocreales","Nectriaceae","Neocosmospora","Neocosmospora_sp","123","Rh123","F",18,"PVARP"
"21","Otu01",47,"Fungi","Ascomycota","Sordariomycetes","Hypocreales","Nectriaceae","Neocosmospora","Neocosmospora_sp","146","Rh146","P",37,"GYRBA"
"22","Otu01",47,"Fungi","Ascomycota","Sordariomycetes","Hypocreales","Nectriaceae","Neocosmospora","Neocosmospora_sp","147","Rh147","P",37,"PDA"
"23","Otu01",47,"Fungi","Ascomycota","Sordariomycetes","Hypocreales","Nectriaceae","Neocosmospora","Neocosmospora_sp","148","Rh148","P",37,"PVARP"
"24","Otu01",47,"Fungi","Ascomycota","Sordariomycetes","Hypocreales","Nectriaceae","Neocosmospora","Neocosmospora_sp","165","Rh165_2","F",25,"PDA"
"25","Otu01",47,"Fungi","Ascomycota","Sordariomycetes","Hypocreales","Nectriaceae","Neocosmospora","Neocosmospora_sp","187","Rh187","S",24,"PVARP"
"26","Otu01",47,"Fungi","Ascomycota","Sordariomycetes","Hypocreales","Nectriaceae","Neocosmospora","Neocosmospora_sp","189","Rh189","S",24,"PDAm"
"27","Otu01",47,"Fungi","Ascomycota","Sordariomycetes","Hypocreales","Nectriaceae","Neocosmospora","Neocosmospora_sp","190","Rh190","S",24,"PDAm"
"28","Otu01",47,"Fungi","Ascomycota","Sordariomycetes","Hypocreales","Nectriaceae","Neocosmospora","Neocosmospora_sp","192","Rh192","S",24,"PDAm"
"29","Otu01",47,"Fungi","Ascomycota","Sordariomycetes","Hypocreales","Nectriaceae","Neocosmospora","Neocosmospora_sp","195","Rh195","S",24,"MGA"
"30","Otu01",47,"Fungi","Ascomycota","Sordariomycetes","Hypocreales","Nectriaceae","Neocosmospora","Neocosmospora_sp","197","Rh197","S",24,"MGA"
"31","Otu01",47,"Fungi","Ascomycota","Sordariomycetes","Hypocreales","Nectriaceae","Neocosmospora","Neocosmospora_sp","198","Rh198","S",24,"MGA"
"32","Otu01",47,"Fungi","Ascomycota","Sordariomycetes","Hypocreales","Nectriaceae","Neocosmospora","Neocosmospora_sp","201","Rh201","S",24,"PVARP"
"33","Otu01",47,"Fungi","Ascomycota","Sordariomycetes","Hypocreales","Nectriaceae","Neocosmospora","Neocosmospora_sp","205","Rh205","S",24,"PDA"
"34","Otu01",47,"Fungi","Ascomycota","Sordariomycetes","Hypocreales","Nectriaceae","Neocosmospora","Neocosmospora_sp","211","Rh211","S",31,"PVARP"
"35","Otu01",47,"Fungi","Ascomycota","Sordariomycetes","Hypocreales","Nectriaceae","Neocosmospora","Neocosmospora_sp","213","Rh213","S",31,"GYRBA"
"36","Otu01",47,"Fungi","Ascomycota","Sordariomycetes","Hypocreales","Nectriaceae","Neocosmospora","Neocosmospora_sp","214","Rh214","S",31,"GYRBA"
"37","Otu01",47,"Fungi","Ascomycota","Sordariomycetes","Hypocreales","Nectriaceae","Neocosmospora","Neocosmospora_sp","216","Rh216","S",31,"GYRBA"
"38","Otu01",47,"Fungi","Ascomycota","Sordariomycetes","Hypocreales","Nectriaceae","Neocosmospora","Neocosmospora_sp","217","Rh217","S",31,"GYRBA"
"39","Otu01",47,"Fungi","Ascomycota","Sordariomycetes","Hypocreales","Nectriaceae","Neocosmospora","Neocosmospora_sp","224","Rh224_1","S",31,"PDAm"
"40","Otu01",47,"Fungi","Ascomycota","Sordariomycetes","Hypocreales","Nectriaceae","Neocosmospora","Neocosmospora_sp","226","Rh226","S",31,"PDAm"
"41","Otu01",47,"Fungi","Ascomycota","Sordariomycetes","Hypocreales","Nectriaceae","Neocosmospora","Neocosmospora_sp","228","Rh228","S",31,"PDAm"
"42","Otu01",47,"Fungi","Ascomycota","Sordariomycetes","Hypocreales","Nectriaceae","Neocosmospora","Neocosmospora_sp","230","Rh230","S",31,"PDAm"
"43","Otu01",47,"Fungi","Ascomycota","Sordariomycetes","Hypocreales","Nectriaceae","Neocosmospora","Neocosmospora_sp","231","Rh231","S",31,"PDAm"
"44","Otu01",47,"Fungi","Ascomycota","Sordariomycetes","Hypocreales","Nectriaceae","Neocosmospora","Neocosmospora_sp","239","Rh239","F",28,"PVARP"
"45","Otu01",47,"Fungi","Ascomycota","Sordariomycetes","Hypocreales","Nectriaceae","Neocosmospora","Neocosmospora_sp","292","Rh292","F",18,"PDAm"
"46","Otu01",47,"Fungi","Ascomycota","Sordariomycetes","Hypocreales","Nectriaceae","Neocosmospora","Neocosmospora_sp","304","Rh304_1","S",21,"PDAm"
"47","Otu01",47,"Fungi","Ascomycota","Sordariomycetes","Hypocreales","Nectriaceae","Neocosmospora","Neocosmospora_sp","324","Rh324_1","S",36,"PDAm"
"48","Otu01",47,"Fungi","Ascomycota","Sordariomycetes","Hypocreales","Nectriaceae","Neocosmospora","Neocosmospora_sp","326","Rh326","P",33,"MGA"
"49","Otu01",47,"Fungi","Ascomycota","Sordariomycetes","Hypocreales","Nectriaceae","Neocosmospora","Neocosmospora_sp","378","Rh378","S",31,"PDA"
"50","Otu01",47,"Fungi","Ascomycota","Sordariomycetes","Hypocreales","Nectriaceae","Neocosmospora","Neocosmospora_sp","402","Rh402","S",24,"GYRBA"
"51","Otu01",47,"Fungi","Ascomycota","Sordariomycetes","Hypocreales","Nectriaceae","Neocosmospora","Neocosmospora_sp","428","Rh428","F",18,""
"52","Otu01",47,"Fungi","Ascomycota","Sordariomycetes","Hypocreales","Nectriaceae","Neocosmospora","Neocosmospora_sp","435","Rh435","P",37,""
"53","Otu01",47,"Fungi","Ascomycota","Sordariomycetes","Hypocreales","Nectriaceae","Neocosmospora","Neocosmospora_sp","436","Rh436","P",37,""
"54","Otu02",42,"Fungi","Basidiomycota","Agaricomycetes","Cantharellales","Ceratobasidiaceae","Rhizoctonia","Rhizoctonia_fragariae","75","Rh75","P",6,"PDA"
"55","Otu02",42,"Fungi","Basidiomycota","Agaricomycetes","Cantharellales","Ceratobasidiaceae","Rhizoctonia","Rhizoctonia_fragariae","85","Rh85","P",6,"PDAm"
"56","Otu02",42,"Fungi","Basidiomycota","Agaricomycetes","Cantharellales","Ceratobasidiaceae","Rhizoctonia","Rhizoctonia_fragariae","111","Rh111","P",7,"PVARP"
"57","Otu02",42,"Fungi","Basidiomycota","Agaricomycetes","Cantharellales","Ceratobasidiaceae","Rhizoctonia","Rhizoctonia_fragariae","126","Rh126","S",15,"PDA"
"58","Otu02",42,"Fungi","Basidiomycota","Agaricomycetes","Cantharellales","Ceratobasidiaceae","Rhizoctonia","Rhizoctonia_fragariae","127","Rh127","S",15,"PVARP"
"59","Otu02",42,"Fungi","Basidiomycota","Agaricomycetes","Cantharellales","Ceratobasidiaceae","Rhizoctonia","Rhizoctonia_fragariae","128","Rh128","S",15,"PVARP"
"60","Otu02",42,"Fungi","Basidiomycota","Agaricomycetes","Cantharellales","Ceratobasidiaceae","Rhizoctonia","Rhizoctonia_fragariae","135","Rh135","S",15,"PDAm"
"61","Otu02",42,"Fungi","Basidiomycota","Agaricomycetes","Cantharellales","Ceratobasidiaceae","Rhizoctonia","Rhizoctonia_fragariae","142","Rh142","S",21,"PDA"
"62","Otu02",42,"Fungi","Basidiomycota","Agaricomycetes","Cantharellales","Ceratobasidiaceae","Rhizoctonia","Rhizoctonia_fragariae","144","Rh144","P",16,"PDA"
"63","Otu02",42,"Fungi","Basidiomycota","Agaricomycetes","Cantharellales","Ceratobasidiaceae","Rhizoctonia","Rhizoctonia_fragariae","170","Rh170","S",27,"PVARP"
"64","Otu02",42,"Fungi","Basidiomycota","Agaricomycetes","Cantharellales","Ceratobasidiaceae","Rhizoctonia","Rhizoctonia_fragariae","172","Rh172","S",27,"PDA"
"65","Otu02",42,"Fungi","Basidiomycota","Agaricomycetes","Cantharellales","Ceratobasidiaceae","Rhizoctonia","Rhizoctonia_fragariae","173","Rh173","S",27,"PDA"
"66","Otu02",42,"Fungi","Basidiomycota","Agaricomycetes","Cantharellales","Ceratobasidiaceae","Rhizoctonia","Rhizoctonia_fragariae","177","Rh177","S",27,"PDAm"
"67","Otu02",42,"Fungi","Basidiomycota","Agaricomycetes","Cantharellales","Ceratobasidiaceae","Rhizoctonia","Rhizoctonia_fragariae","184","Rh184","S",27,"MGA"
"68","Otu02",42,"Fungi","Basidiomycota","Agaricomycetes","Cantharellales","Ceratobasidiaceae","Rhizoctonia","Rhizoctonia_fragariae","185","Rh185","P",29,"GYRBA"
"69","Otu02",42,"Fungi","Basidiomycota","Agaricomycetes","Cantharellales","Ceratobasidiaceae","Rhizoctonia","Rhizoctonia_fragariae","234","Rh234","F",26,"PDA"
"70","Otu02",42,"Fungi","Basidiomycota","Agaricomycetes","Cantharellales","Ceratobasidiaceae","Rhizoctonia","Rhizoctonia_fragariae","235","Rh235","F",26,"PDA"
"71","Otu02",42,"Fungi","Basidiomycota","Agaricomycetes","Cantharellales","Ceratobasidiaceae","Rhizoctonia","Rhizoctonia_fragariae","237","Rh237","P",30,"GYRBA"
"72","Otu02",42,"Fungi","Basidiomycota","Agaricomycetes","Cantharellales","Ceratobasidiaceae","Rhizoctonia","Rhizoctonia_fragariae","245","Rh245","P",31,"PDAm"
"73","Otu02",42,"Fungi","Basidiomycota","Agaricomycetes","Cantharellales","Ceratobasidiaceae","Rhizoctonia","Rhizoctonia_fragariae","246","Rh246","P",31,"PDAm"
"74","Otu02",42,"Fungi","Basidiomycota","Agaricomycetes","Cantharellales","Ceratobasidiaceae","Rhizoctonia","Rhizoctonia_fragariae","252","Rh252","P",7,"MGA"
"75","Otu02",42,"Fungi","Basidiomycota","Agaricomycetes","Cantharellales","Ceratobasidiaceae","Rhizoctonia","Rhizoctonia_fragariae","254","Rh254","S",10,"PDAm"
"76","Otu02",42,"Fungi","Basidiomycota","Agaricomycetes","Cantharellales","Ceratobasidiaceae","Rhizoctonia","Rhizoctonia_fragariae","256","Rh256","F",9,"PDAm"
"77","Otu02",42,"Fungi","Basidiomycota","Agaricomycetes","Cantharellales","Ceratobasidiaceae","Rhizoctonia","Rhizoctonia_fragariae","274","Rh274","F",20,"PDAm"
"78","Otu02",42,"Fungi","Basidiomycota","Agaricomycetes","Cantharellales","Ceratobasidiaceae","Rhizoctonia","Rhizoctonia_fragariae","276","Rh276","F",20,"PDA"
"79","Otu02",42,"Fungi","Basidiomycota","Agaricomycetes","Cantharellales","Ceratobasidiaceae","Rhizoctonia","Rhizoctonia_fragariae","277","Rh277","F",20,"PDA"
"80","Otu02",42,"Fungi","Basidiomycota","Agaricomycetes","Cantharellales","Ceratobasidiaceae","Rhizoctonia","Rhizoctonia_fragariae","280","Rh280","S",21,"PVARP"
"81","Otu02",42,"Fungi","Basidiomycota","Agaricomycetes","Cantharellales","Ceratobasidiaceae","Rhizoctonia","Rhizoctonia_fragariae","284","Rh284_2","F",21,"PDAm"
"82","Otu02",42,"Fungi","Basidiomycota","Agaricomycetes","Cantharellales","Ceratobasidiaceae","Rhizoctonia","Rhizoctonia_fragariae","287","Rh287","P",7,"GYRBA"
"83","Otu02",42,"Fungi","Basidiomycota","Agaricomycetes","Cantharellales","Ceratobasidiaceae","Rhizoctonia","Rhizoctonia_fragariae","288","Rh288","P",7,"GYRBA"
"84","Otu02",42,"Fungi","Basidiomycota","Agaricomycetes","Cantharellales","Ceratobasidiaceae","Rhizoctonia","Rhizoctonia_fragariae","289","Rh289","P",7,"GYRBA"
"85","Otu02",42,"Fungi","Basidiomycota","Agaricomycetes","Cantharellales","Ceratobasidiaceae","Rhizoctonia","Rhizoctonia_fragariae","293","Rh293_1","F",18,"PDAm"
"86","Otu02",42,"Fungi","Basidiomycota","Agaricomycetes","Cantharellales","Ceratobasidiaceae","Rhizoctonia","Rhizoctonia_fragariae","307","Rh307","S",28,"PVARP"
"87","Otu02",42,"Fungi","Basidiomycota","Agaricomycetes","Cantharellales","Ceratobasidiaceae","Rhizoctonia","Rhizoctonia_fragariae","308","Rh308","S",28,"PDAm"
"88","Otu02",42,"Fungi","Basidiomycota","Agaricomycetes","Cantharellales","Ceratobasidiaceae","Rhizoctonia","Rhizoctonia_fragariae","309","Rh309","S",28,"PDAm"
"89","Otu02",42,"Fungi","Basidiomycota","Agaricomycetes","Cantharellales","Ceratobasidiaceae","Rhizoctonia","Rhizoctonia_fragariae","310","Rh310","F",35,"PDAm"
"90","Otu02",42,"Fungi","Basidiomycota","Agaricomycetes","Cantharellales","Ceratobasidiaceae","Rhizoctonia","Rhizoctonia_fragariae","311","Rh311","F",35,"PDAm"
"91","Otu02",42,"Fungi","Basidiomycota","Agaricomycetes","Cantharellales","Ceratobasidiaceae","Rhizoctonia","Rhizoctonia_fragariae","317","Rh317_2","F",37,"PDAm"
"92","Otu02",42,"Fungi","Basidiomycota","Agaricomycetes","Cantharellales","Ceratobasidiaceae","Rhizoctonia","Rhizoctonia_fragariae","362","Rh362","S",32,"MGA"
"93","Otu02",42,"Fungi","Basidiomycota","Agaricomycetes","Cantharellales","Ceratobasidiaceae","Rhizoctonia","Rhizoctonia_fragariae","381","Rh381","S",32,"GYRBA"
"94","Otu02",42,"Fungi","Basidiomycota","Agaricomycetes","Cantharellales","Ceratobasidiaceae","Rhizoctonia","Rhizoctonia_fragariae","387","Rh387","S",35,"PDA"
"95","Otu02",42,"Fungi","Basidiomycota","Agaricomycetes","Cantharellales","Ceratobasidiaceae","Rhizoctonia","Rhizoctonia_fragariae","413","Rh413","F",35,"GYRBA"
"96","Otu02",42,"Fungi","Basidiomycota","Agaricomycetes","Cantharellales","Ceratobasidiaceae","Rhizoctonia","Rhizoctonia_fragariae","426","Rh426","P",36,"PDA"
"97","Otu02",42,"Fungi","Basidiomycota","Agaricomycetes","Cantharellales","Ceratobasidiaceae","Rhizoctonia","Rhizoctonia_fragariae","437","Rh437","P",19,""
"98","Otu02",42,"Fungi","Basidiomycota","Agaricomycetes","Cantharellales","Ceratobasidiaceae","Rhizoctonia","Rhizoctonia_fragariae","444","Rh444","F",35,""
"99","Otu03",12,"Fungi","Ascomycota","Dothideomycetes","Pleosporales","Lophiotremataceae","Lophiotremataceae_sp","Lophiotremataceae_sp","284","Rh284_1","F",21,"PDAm"
"100","Otu03",12,"Fungi","Ascomycota","Dothideomycetes","Pleosporales","Lophiotremataceae","Lophiotremataceae_sp","Lophiotremataceae_sp","299","Rh299","F",14,"GYRBA"
"101","Otu03",12,"Fungi","Ascomycota","Dothideomycetes","Pleosporales","Lophiotremataceae","Lophiotremataceae_sp","Lophiotremataceae_sp","302","Rh302","F",18,"GYRBA"
"102","Otu03",12,"Fungi","Ascomycota","Dothideomycetes","Pleosporales","Lophiotremataceae","Lophiotremataceae_sp","Lophiotremataceae_sp","324","Rh324_2","S",36,"PDAm"
"103","Otu03",12,"Fungi","Ascomycota","Dothideomycetes","Pleosporales","Lophiotremataceae","Lophiotremataceae_sp","Lophiotremataceae_sp","331","Rh331","F",25,"PDAm"
"104","Otu03",12,"Fungi","Ascomycota","Dothideomycetes","Pleosporales","Lophiotremataceae","Lophiotremataceae_sp","Lophiotremataceae_sp","357","Rh357","F",21,"PDA"
"105","Otu03",12,"Fungi","Ascomycota","Dothideomycetes","Pleosporales","Lophiotremataceae","Lophiotremataceae_sp","Lophiotremataceae_sp","361","Rh361","P",16,"PDAm"
"106","Otu03",12,"Fungi","Ascomycota","Dothideomycetes","Pleosporales","Lophiotremataceae","Lophiotremataceae_sp","Lophiotremataceae_sp","369","Rh369_1","F",26,"PDAm"
"107","Otu03",12,"Fungi","Ascomycota","Dothideomycetes","Pleosporales","Lophiotremataceae","Lophiotremataceae_sp","Lophiotremataceae_sp","414","Rh414","F",35,"GYRBA"
"108","Otu03",12,"Fungi","Ascomycota","Dothideomycetes","Pleosporales","Lophiotremataceae","Lophiotremataceae_sp","Lophiotremataceae_sp","415","Rh415","F",35,"GYRBA"
"109","Otu03",12,"Fungi","Ascomycota","Dothideomycetes","Pleosporales","Lophiotremataceae","Lophiotremataceae_sp","Lophiotremataceae_sp","443","Rh443","F",35,""
"110","Otu04",12,"Fungi","Ascomycota","Sordariomycetes","Sordariales","Lasiosphaeriaceae","Apodus","Apodus_oryzae","130","Rh130","P",10,"PDAm"
"111","Otu04",12,"Fungi","Ascomycota","Sordariomycetes","Sordariales","Lasiosphaeriaceae","Apodus","Apodus_oryzae","138","Rh138","S",14,"PDA"
"112","Otu04",12,"Fungi","Ascomycota","Sordariomycetes","Sordariales","Lasiosphaeriaceae","Apodus","Apodus_oryzae","178","Rh178","S",27,"PDAm"
"113","Otu04",12,"Fungi","Ascomycota","Sordariomycetes","Sordariales","Lasiosphaeriaceae","Apodus","Apodus_oryzae","275","Rh275","F",20,"PDAm"
"114","Otu04",12,"Fungi","Ascomycota","Sordariomycetes","Sordariales","Lasiosphaeriaceae","Apodus","Apodus_oryzae","304","Rh304_2","S",21,"PDAm"
"115","Otu04",12,"Fungi","Ascomycota","Sordariomycetes","Sordariales","Lasiosphaeriaceae","Apodus","Apodus_oryzae","320","Rh320","S",35,"PDA"
"116","Otu04",12,"Fungi","Ascomycota","Sordariomycetes","Sordariales","Lasiosphaeriaceae","Apodus","Apodus_oryzae","321","Rh321","S",35,"PDA"
"117","Otu04",12,"Fungi","Ascomycota","Sordariomycetes","Sordariales","Lasiosphaeriaceae","Apodus","Apodus_oryzae","346","Rh346","F",9,"PDA"
"118","Otu04",12,"Fungi","Ascomycota","Sordariomycetes","Sordariales","Lasiosphaeriaceae","Apodus","Apodus_oryzae","371","Rh371","F",26,"PDAm"
"119","Otu04",12,"Fungi","Ascomycota","Sordariomycetes","Sordariales","Lasiosphaeriaceae","Apodus","Apodus_oryzae","382","Rh382","F",28,"PDA"
"120","Otu04",12,"Fungi","Ascomycota","Sordariomycetes","Sordariales","Lasiosphaeriaceae","Apodus","Apodus_oryzae","384","Rh384","P",35,"PDAm"
"121","Otu04",12,"Fungi","Ascomycota","Sordariomycetes","Sordariales","Lasiosphaeriaceae","Apodus","Apodus_oryzae","427","Rh427","S",35,"MGA"
"122","Otu05",9,"Fungi","Ascomycota","Dothideomycetes","Pleosporales","Phaeosphaeriaceae","Paraphoma","Paraphoma_radicina","83","Rh83","P",6,"PDAm"
"123","Otu05",9,"Fungi","Ascomycota","Dothideomycetes","Pleosporales","Phaeosphaeriaceae","Paraphoma","Paraphoma_radicina","96","Rh96","S",6,"PDA"
"124","Otu05",9,"Fungi","Ascomycota","Dothideomycetes","Pleosporales","Phaeosphaeriaceae","Paraphoma","Paraphoma_radicina","102","Rh102","S",3,"GYRBA"
"125","Otu05",9,"Fungi","Ascomycota","Dothideomycetes","Pleosporales","Phaeosphaeriaceae","Paraphoma","Paraphoma_radicina","104","Rh104","S",3,"PDAm"
"126","Otu05",9,"Fungi","Ascomycota","Dothideomycetes","Pleosporales","Phaeosphaeriaceae","Paraphoma","Paraphoma_radicina","175","Rh175","S",27,"GYRBA"
"127","Otu05",9,"Fungi","Ascomycota","Dothideomycetes","Pleosporales","Phaeosphaeriaceae","Paraphoma","Paraphoma_radicina","223","Rh223","S",31,"PDAm"
"128","Otu05",9,"Fungi","Ascomycota","Dothideomycetes","Pleosporales","Phaeosphaeriaceae","Paraphoma","Paraphoma_radicina","258","Rh258","S",6,"GYRBA"
"129","Otu05",9,"Fungi","Ascomycota","Dothideomycetes","Pleosporales","Phaeosphaeriaceae","Paraphoma","Paraphoma_radicina","260","Rh260","S",6,"PVARP"
"130","Otu05",9,"Fungi","Ascomycota","Dothideomycetes","Pleosporales","Phaeosphaeriaceae","Paraphoma","Paraphoma_radicina","394","Rh394","F",34,"PVARP"
"131","Otu06",10,"Fungi","Ascomycota","Sordariomycetes","Sordariales","Chaetomiaceae","Zopfiella","Zopfiella_lundqvistii","236","Rh236_2","P",30,"GYRBA"
"132","Otu06",10,"Fungi","Ascomycota","Sordariomycetes","Sordariales","Chaetomiaceae","Zopfiella","Zopfiella_lundqvistii","329","Rh329","F",25,"GYRBA"
"133","Otu06",10,"Fungi","Ascomycota","Sordariomycetes","Sordariales","Chaetomiaceae","Zopfiella","Zopfiella_lundqvistii","332","Rh332","F",25,"PDAm"
"134","Otu06",10,"Fungi","Ascomycota","Sordariomycetes","Sordariales","Chaetomiaceae","Zopfiella","Zopfiella_lundqvistii","333","Rh333","F",25,"PDAm"
"135","Otu06",10,"Fungi","Ascomycota","Sordariomycetes","Sordariales","Chaetomiaceae","Zopfiella","Zopfiella_lundqvistii","403","Rh403","F",25,"GYRBA"
"136","Otu06",10,"Fungi","Ascomycota","Sordariomycetes","Sordariales","Chaetomiaceae","Zopfiella","Zopfiella_lundqvistii","422","Rh422","P",35,"PDA"
"137","Otu06",10,"Fungi","Ascomycota","Sordariomycetes","Sordariales","Chaetomiaceae","Zopfiella","Zopfiella_lundqvistii","424","Rh424","F",37,"PDA"
"138","Otu06",10,"Fungi","Ascomycota","Sordariomycetes","Sordariales","Chaetomiaceae","Zopfiella","Zopfiella_lundqvistii","425","Rh425","F",37,"PDA"
"139","Otu06",10,"Fungi","Ascomycota","Sordariomycetes","Sordariales","Chaetomiaceae","Zopfiella","Zopfiella_lundqvistii","439","Rh439","F",37,""
"140","Otu06",10,"Fungi","Ascomycota","Sordariomycetes","Sordariales","Chaetomiaceae","Zopfiella","Zopfiella_lundqvistii","440","Rh440","F",37,""
"141","Otu07",7,"Fungi","Basidiomycota","Agaricomycetes","Cantharellales","Tulasnellaceae","Tulasnellaceae_sp","Tulasnellaceae_sp","150","Rh150","P",22,"PDAm"
"142","Otu07",7,"Fungi","Basidiomycota","Agaricomycetes","Cantharellales","Tulasnellaceae","Tulasnellaceae_sp","Tulasnellaceae_sp","257","Rh257","P",1,"PDA"
"143","Otu07",7,"Fungi","Basidiomycota","Agaricomycetes","Cantharellales","Tulasnellaceae","Tulasnellaceae_sp","Tulasnellaceae_sp","261","Rh261","F",11,"PDA"
"144","Otu07",7,"Fungi","Basidiomycota","Agaricomycetes","Cantharellales","Tulasnellaceae","Tulasnellaceae_sp","Tulasnellaceae_sp","386","Rh386","S",35,"PDA"
"145","Otu07",7,"Fungi","Basidiomycota","Agaricomycetes","Cantharellales","Tulasnellaceae","Tulasnellaceae_sp","Tulasnellaceae_sp","388","Rh388","P",33,"GYRBA"
"146","Otu07",7,"Fungi","Basidiomycota","Agaricomycetes","Cantharellales","Tulasnellaceae","Tulasnellaceae_sp","Tulasnellaceae_sp","389","Rh389","P",33,"PDAm"
"147","Otu07",7,"Fungi","Basidiomycota","Agaricomycetes","Cantharellales","Tulasnellaceae","Tulasnellaceae_sp","Tulasnellaceae_sp","396","Rh396","F",11,"PDA"
"148","Otu08",7,"Fungi","Ascomycota","Sordariomycetes","Hypocreales","Hypocreaceae","Trichoderma","Trichoderma_afroharzianum","100","Rh100","S",6,"PVARP"
"149","Otu08",7,"Fungi","Ascomycota","Sordariomycetes","Hypocreales","Hypocreaceae","Trichoderma","Trichoderma_afroharzianum","124","Rh124","S",12,"PDAm"
"150","Otu08",7,"Fungi","Ascomycota","Sordariomycetes","Hypocreales","Hypocreaceae","Trichoderma","Trichoderma_afroharzianum","152","Rh152","P",22,"PDAm"
"151","Otu08",7,"Fungi","Ascomycota","Sordariomycetes","Hypocreales","Hypocreaceae","Trichoderma","Trichoderma_afroharzianum","153","Rh153","P",22,"PDAm"
"152","Otu08",7,"Fungi","Ascomycota","Sordariomycetes","Hypocreales","Hypocreaceae","Trichoderma","Trichoderma_afroharzianum","154","Rh154","P",22,"PDA"
"153","Otu08",7,"Fungi","Ascomycota","Sordariomycetes","Hypocreales","Hypocreaceae","Trichoderma","Trichoderma_afroharzianum","186","Rh186","F",23,"PDAm"
"154","Otu08",7,"Fungi","Ascomycota","Sordariomycetes","Hypocreales","Hypocreaceae","Trichoderma","Trichoderma_afroharzianum","224","Rh224_2","S",31,"PDAm"
"155","Otu09",5,"Fungi","Ascomycota","Sordariomycetes","Diaporthales","Diaporthaceae","Diaporthe","Diaporthe_sp","113","Rh113","F",3,"GYRBA"
"156","Otu09",5,"Fungi","Ascomycota","Sordariomycetes","Diaporthales","Diaporthaceae","Diaporthe","Diaporthe_sp","114","Rh114","F",3,"PDAm"
"157","Otu09",5,"Fungi","Ascomycota","Sordariomycetes","Diaporthales","Diaporthaceae","Diaporthe","Diaporthe_sp","367","Rh367","F",28,"PDA"
"158","Otu09",5,"Fungi","Ascomycota","Sordariomycetes","Diaporthales","Diaporthaceae","Diaporthe","Diaporthe_sp","392","Rh392","F",34,"PDA"
"159","Otu09",5,"Fungi","Ascomycota","Sordariomycetes","Diaporthales","Diaporthaceae","Diaporthe","Diaporthe_sp","393","Rh393","F",34,"MGA"
"160","Otu10",4,"Fungi","Ascomycota","Sordariomycetes","Microascales","Microascaceae","Pseudallescheria","Pseudallescheria_sp","203","Rh203","S",24,"PDA"
"161","Otu10",4,"Fungi","Ascomycota","Sordariomycetes","Microascales","Microascaceae","Pseudallescheria","Pseudallescheria_sp","344","Rh344","P",11,"MGA"
"162","Otu10",4,"Fungi","Ascomycota","Sordariomycetes","Microascales","Microascaceae","Pseudallescheria","Pseudallescheria_sp","347","Rh347","F",11,"PDAm"
"163","Otu10",4,"Fungi","Ascomycota","Sordariomycetes","Microascales","Microascaceae","Pseudallescheria","Pseudallescheria_sp","356","Rh356","S",15,"MGA"
"164","Otu10",4,"Fungi","Ascomycota","Sordariomycetes","Microascales","Microascaceae","Pseudallescheria","Pseudallescheria_sp","432","Rh432","P",28,""
"165","Otu11",4,"Fungi","Ascomycota","Dothideomycetes","Pleosporales","Pleosporales_fam_Incertae_sedis","Pseudochaetosphaeronema","Pseudochaetosphaeronema_sp","107","Rh107","S",1,"MGA"
"166","Otu11",4,"Fungi","Ascomycota","Dothideomycetes","Pleosporales","Pleosporales_fam_Incertae_sedis","Pseudochaetosphaeronema","Pseudochaetosphaeronema_sp","112","Rh112","P",7,"PDAm"
"167","Otu11",4,"Fungi","Ascomycota","Dothideomycetes","Pleosporales","Pleosporales_fam_Incertae_sedis","Pseudochaetosphaeronema","Pseudochaetosphaeronema_sp","250","Rh250","S",3,"PVARP"
"168","Otu11",4,"Fungi","Ascomycota","Dothideomycetes","Pleosporales","Pleosporales_fam_Incertae_sedis","Pseudochaetosphaeronema","Pseudochaetosphaeronema_sp","293","Rh293","F",18,"PDAm"
"169","Otu12",4,"Fungi","Ascomycota","Sordariomycetes","Hypocreales","Hypocreaceae","Trichoderma","Trichoderma_sp","169","Rh169","P",23,"PDAm"
"170","Otu12",4,"Fungi","Ascomycota","Sordariomycetes","Hypocreales","Hypocreaceae","Trichoderma","Trichoderma_sp","204","Rh204","S",24,"PDA"
"171","Otu12",4,"Fungi","Ascomycota","Sordariomycetes","Hypocreales","Hypocreaceae","Trichoderma","Trichoderma_sp","366","Rh366","P",31,"PVARP"
"172","Otu13",4,"Fungi","Ascomycota","Sordariomycetes","Hypocreales","Nectriaceae","Fusarium","Fusarium_oxysporum","93","Rh93","P",6,"GYBRA"
"173","Otu14",3,"Fungi","Basidiomycota","Agaricomycetes","Cantharellales","Ceratobasidiaceae","Rhizoctonia","Rhizoctonia_fragariae","161","Rh161","F",2,"PDAm"
"174","Otu14",3,"Fungi","Basidiomycota","Agaricomycetes","Cantharellales","Ceratobasidiaceae","Rhizoctonia","Rhizoctonia_fragariae","293","Rh293_2","F",18,"PDAm"
"175","Otu14",3,"Fungi","Basidiomycota","Agaricomycetes","Cantharellales","Ceratobasidiaceae","Rhizoctonia","Rhizoctonia_fragariae","369","Rh369_2","F",26,"PDAm"
"176","Otu15",3,"Fungi","Ascomycota","Dothideomycetes","Pleosporales","Pleosporaceae","Alternaria","Alternaria_tenuissima","105","Rh105","S",3,"PDAm"
"177","Otu15",3,"Fungi","Ascomycota","Dothideomycetes","Pleosporales","Pleosporaceae","Alternaria","Alternaria_tenuissima","200","Rh200","S",24,"MGA"
"178","Otu15",3,"Fungi","Ascomycota","Dothideomycetes","Pleosporales","Pleosporaceae","Alternaria","Alternaria_tenuissima","325","Rh325","P",35,"PDAm"
"179","Otu16",3,"Fungi","Ascomycota","Sordariomycetes","Savoryellales","Savoryellaceae","unclassified_Savoryellaceae","Savoryellaceae_sp","370","Rh370","F",26,"PDAm"
"180","Otu16",3,"Fungi","Ascomycota","Sordariomycetes","Savoryellales","Savoryellaceae","unclassified_Savoryellaceae","Savoryellaceae_sp","423","Rh423","P",35,"PDA"
"181","Otu16",3,"Fungi","Ascomycota","Sordariomycetes","Savoryellales","Savoryellaceae","unclassified_Savoryellaceae","Savoryellaceae_sp","446","Rh446","F",10,""
"182","Otu17",3,"Fungi","Ascomycota","Dothideomycetes","Pleosporales","Pleosporaceae","Curvularia","Curvularia_trifolii","74","Rh74","P",6,"PDA"
"183","Otu17",3,"Fungi","Ascomycota","Dothideomycetes","Pleosporales","Pleosporaceae","Curvularia","Curvularia_trifolii","136","Rh136","S",15,"PDAm"
"184","Otu17",3,"Fungi","Ascomycota","Dothideomycetes","Pleosporales","Pleosporaceae","Curvularia","Curvularia_trifolii","143","Rh143","P",16,"MGA"
"185","Otu18",2,"Fungi","Ascomycota","Sordariomycetes","Xylariales","Xylariales_fam_Incertae_sedis","Phialemoniopsis","Phialemoniopsis_curvata","294","Rh294","F",18,"PDA"
"186","Otu18",2,"Fungi","Ascomycota","Sordariomycetes","Xylariales","Xylariales_fam_Incertae_sedis","Phialemoniopsis","Phialemoniopsis_curvata","335","Rh335","S",24,"GYRBA"
"187","Otu19",1,"Fungi","Ascomycota","Sordariomycetes","Glomerellales","Plectosphaerellaceae","Plectosphaerella","Plectosphaerella_cucumerina","86","Rh86","P",6,"PDAm"
"188","Otu19",1,"Fungi","Ascomycota","Sordariomycetes","Glomerellales","Plectosphaerellaceae","Plectosphaerella","Plectosphaerella_cucumerina","330","Rh330","F",25,"GYRBA"
"189","Otu22",2,"Fungi","Fungi_sp","Fungi_sp","Fungi_sp","Fungi_sp","Fungi_sp","Fungi_sp","125","Rh125","S",15,"PDA"
"190","Otu22",2,"Fungi","Fungi_sp","Fungi_sp","Fungi_sp","Fungi_sp","Fungi_sp","Fungi_sp","262","Rh262","S",4,"PDA"
"191","Otu23",2,"Fungi","Ascomycota","Ascomycota_sp","Ascomycota_sp","Ascomycota_sp","Ascomycota_sp","Ascomycota_sp","269","Rh269","S",15,"GYRBA"
"192","Otu23",2,"Fungi","Ascomycota","Ascomycota_sp","Ascomycota_sp","Ascomycota_sp","Ascomycota_sp","Ascomycota_sp","350","Rh350","P",29,"PDAm"
"193","Otu26",1,"Fungi","Ascomycota","Sordariomycetes","Hypocreales","Nectriaceae","Fusarium","Fusarium_proliferatum","101","Rh101","S",3,"PDA"
"194","Otu27",1,"Fungi","Ascomycota","Sordariomycetes","Sordariales","Cephalothecaceae","Cephalotheca","Cephalotheca_sulfurea","406","Rh406","S",11,"GYRBA"
"195","Otu27",1,"Fungi","Ascomycota","Sordariomycetes","Sordariales","Cephalothecaceae","Cephalotheca","Cephalotheca_sulfurea","406","Rh406","S",11,"GYRBA"
"196","Otu29",1,"Fungi","Ascomycota","Dothideomycetes","Pleosporales","Phaeosphaeriaceae","Setophoma","Setophoma_terrestris","110","Rh110","P",7,"GYRBA"
"197","Otu30",1,"Fungi","Ascomycota","Dothideomycetes","Pleosporales","Pleosporales_sp","Pleosporales_sp","Pleosporales_sp","164","Rh164","F",25,"PVARP"
"198","Otu31",1,"Fungi","Ascomycota","Sordariomycetes","Hypocreales","Bionectriaceae","Clonostachys","Clonostachys_rosea","165","Rh165_1","F",25,"PDA"
"199","Otu33",1,"Fungi","Ascomycota","Dothideomycetes","Capnodiales","Cladosporiaceae","Cladosporium","Cladosporium_pseudocladosporioides","374","Rh374","S",31,"PVARP"
"200","Otu34",1,"Fungi","Ascomycota","Sordariomycetes","Magnaporthales","Magnaporthaceae","Mycoleptodiscus","Mycoleptodiscus_terrestris","236","Rh236_1","P",30,"GYRBA"
"201","Otu35",1,"Fungi","Ascomycota","Leotiomycetes","Thelebolales","Pseudeurotiaceae","Pseudogymnoascus","Pseudogymnoascus_sp","408","Rh408","P",16,"GYRBA"
"202","Otu39",1,"Fungi","Ascomycota","Dothideomycetes","Pleosporales","Leptosphaeriaceae","Plenodomus","Plenodomus_biglobosus","116","Rh116","F",14,"PDA"
"203","Otu39",1,"Fungi","Ascomycota","Dothideomycetes","Pleosporales","Leptosphaeriaceae","Plenodomus","Plenodomus_biglobosus","116","Rh116","F",14,"PDA"
